Year,State of Death,All,,White,Black,"American
Indian /
Alaska
Native","Asian,
Native
Hawaiian,
or Pacific
Islander","Multiple
Race","Unknown
Race","Hispanic
Ethnicity","Not
Hispanic
Ethnicity","Unknown
Ethnicity"
2001,U.S. Total,"6,001", ,"5,122",292,44,35,<10,490-500,149,"4,994",858
2001,Alabama,104, ,82,16,<10,<10,<10,<10,<10,85, 10-20
2001,Alaska,15, ,13,<10,<10,<10,<10,<10,<10,13,<10
2001,Arizona,166, ,147,<10,<10,<10,<10,13,<10,139, 10-20
2001,Arkansas,74, ,62,<10,<10,<10,<10,<10,<10,56, 10-20
2001,California,474, ,372,21,<10,10,<10,69,24,339,111
2001,Colorado,144, ,125,<10,<10,<10,<10,15,<10,117, 10-20
2001,Connecticut,45, ,41,<10,<10,<10,<10,<10,<10,36,<10
2001,Delaware,22, ,19,<10,<10,<10,<10,<10,<10,17,<10
2001,District of Columbia,<10, ,<10,<10,<10,<10,<10,<10,<10,<10,<10
2001,Florida,521, ,454,16,<10,<10,<10,46,<10,429, 70-80
2001,Georgia,154, ,129,10,<10,<10,<10,13,<10,129, 10-20
2001,Hawaii,31, ,19,<10,<10,<10,<10,<10,<10,27,<10
2001,Idaho,36, ,33,<10,<10,<10,<10,<10,<10,28,<10
2001,Illinois,205, ,171,17,<10,<10,<10,13,<10,179, 10-20
2001,Indiana,140, ,122,<10,<10,<10,<10,12,<10,115, 10-20
2001,Iowa,72, ,70,<10,<10,<10,<10,<10,<10,64,<10
2001,Kansas,63, ,58,<10,<10,<10,<10,<10,<10,55,<10
2001,Kentucky,74, ,68,<10,<10,<10,<10,<10,<10,67,<10
2001,Louisiana,102, ,84,15,<10,<10,<10,<10,<10,88, 0-10
2001,Maine,38, ,37,<10,<10,<10,<10,<10,<10,36,<10
2001,Maryland,79, ,53,11,<10,<10,<10,15,<10,58, 10-20
2001,Massachusetts,82, ,72,<10,<10,<10,<10,<10,<10,67, 10-20
2001,Michigan,181, ,159,<10,<10,<10,<10,12,<10,161, 10-20
2001,Minnesota,97, ,89,<10,<10,<10,<10,<10,<10,90,<10
2001,Mississippi,63, ,58,<10,<10,<10,<10,<10,<10,55,<10
2001,Missouri,146, ,126,<10,<10,<10,<10,11,<10,130, 10-20
2001,Montana,43, ,42,<10,<10,<10,<10,<10,<10,38,<10
2001,Nebraska,36, ,35,<10,<10,<10,<10,<10,<10,33,<10
2001,Nevada,115, ,97,<10,<10,<10,<10,11,<10,92, 10-20
2001,New Hampshire,27, ,25,<10,<10,<10,<10,<10,<10,24,<10
2001,New Jersey,93, ,80,<10,<10,<10,<10,<10,<10,77, 0-10
2001,New Mexico,77, ,59,<10,<10,<10,<10,<10,17,52,<10
2001,New York,169, ,130,14,<10,<10,<10,21,<10,124, 30-40
2001,North Carolina,184, ,143,19,<10,<10,<10,19,<10,157, 20-30
2001,North Dakota,23, ,20,<10,<10,<10,<10,<10,<10,21,<10
2001,Ohio,286, ,253,12,<10,<10,<10,17,<10,251, 20-30
2001,Oklahoma,107, ,91,<10,<10,<10,<10,<10,<10,95, 0-10
2001,Oregon,129, ,112,<10,<10,<10,<10,14,<10,112, 0-10
2001,Pennsylvania,270, ,238,<10,<10,<10,<10,24,<10,231, 30-40
2001,Rhode Island,17, ,15,<10,<10,<10,<10,<10,<10,15,<10
2001,South Carolina,94, ,72,16,<10,<10,<10,<10,<10,82, 0-10
2001,South Dakota,27, ,27,<10,<10,<10,<10,<10,<10,23,<10
2001,Tennessee,150, ,133,13,<10,<10,<10,<10,<10,130, 10-20
2001,Texas,420, ,361,16,<10,<10,<10,40,26,347,47
2001,Utah,57, ,47,<10,<10,<10,<10,<10,<10,47,<10
2001,Vermont,21, ,18,<10,<10,<10,<10,<10,<10,16,<10
2001,Virginia,158, ,129,16,<10,<10,<10,11,<10,134, 10-20
2001,Washington,162, ,145,<10,<10,<10,<10,12,<10,143, 10-20
2001,West Virginia,68, ,62,<10,<10,<10,<10,<10,<10,55, 0-10
2001,Wisconsin,115, ,105,<10,<10,<10,<10,10,<10,93, 10-20
2001,Wyoming,19, ,18,<10,<10,<10,<10,<10,<10,17,<10
2002,U.S. Total,"6,138", ,"5,302",282,30,25,13,486,151,"5,145",842
2002,Alabama,99, ,74,13,<10,<10,<10,10,<10,82, 10-20
2002,Alaska,24, ,18,<10,<10,<10,<10,<10,<10,19,<10
2002,Arizona,202, ,184,<10,<10,<10,<10,10,10,171,21
2002,Arkansas,74, ,65,<10,<10,<10,<10,<10,<10,63,<10
2002,California,514, ,396,23,<10,<10,<10,84,31,379,104
2002,Colorado,160, ,148,<10,<10,<10,<10,<10,11,137,12
2002,Connecticut,45, ,38,<10,<10,<10,<10,<10,<10,42,<10
2002,Delaware,12, ,10,<10,<10,<10,<10,<10,<10,10,<10
2002,District of Columbia,<10, ,<10,<10,<10,<10,<10,<10,<10,<10,<10
2002,Florida,495, ,438,16,<10,<10,<10,39,<10,421, 60-70
2002,Georgia,182, ,150,15,<10,<10,<10,15,<10,147, 20-30
2002,Hawaii,21, ,13,<10,<10,<10,<10,<10,<10,18,<10
2002,Idaho,44, ,40,<10,<10,<10,<10,<10,<10,35,<10
2002,Illinois,217, ,187,<10,<10,<10,<10,21,<10,176, 30-40
2002,Indiana,150, ,130,<10,<10,<10,<10,<10,<10,125, 10-20
2002,Iowa,57, ,53,<10,<10,<10,<10,<10,<10,52,<10
2002,Kansas,77, ,74,<10,<10,<10,<10,<10,<10,68,<10
2002,Kentucky,99, ,90,<10,<10,<10,<10,<10,<10,84, 10-20
2002,Louisiana,101, ,87,11,<10,<10,<10,<10,<10,87, 0-10
2002,Maine,38, ,32,<10,<10,<10,<10,<10,<10,33,<10
2002,Maryland,89, ,60,20,<10,<10,<10,<10,<10,72, 10-20
2002,Massachusetts,84, ,76,<10,<10,<10,<10,<10,<10,75,<10
2002,Michigan,198, ,169,11,<10,<10,<10,17,<10,178, 10-20
2002,Minnesota,98, ,91,<10,<10,<10,<10,<10,<10,86, 0-10
2002,Mississippi,77, ,64,<10,<10,<10,<10,<10,<10,66, 0-10
2002,Missouri,170, ,157,<10,<10,<10,<10,<10,<10,153, 10-20
2002,Montana,36, ,35,<10,<10,<10,<10,<10,<10,29,<10
2002,Nebraska,38, ,35,<10,<10,<10,<10,<10,<10,31,<10
2002,Nevada,107, ,88,<10,<10,<10,<10,12,<10,87, 10-20
2002,New Hampshire,28, ,27,<10,<10,<10,<10,<10,<10,26,<10
2002,New Jersey,87, ,74,<10,<10,<10,<10,<10,<10,67, 10-20
2002,New Mexico,78, ,70,<10,<10,<10,<10,<10,12,59,<10
2002,New York,139, ,115,<10,<10,<10,<10,14,<10,106, 20-30
2002,North Carolina,182, ,155,15,<10,<10,<10,11,<10,154, 20-30
2002,North Dakota,21, ,19,<10,<10,<10,<10,<10,<10,17,<10
2002,Ohio,271, ,233,17,<10,<10,<10,17,<10,244, 20-30
2002,Oklahoma,96, ,83,<10,<10,<10,<10,<10,<10,79, 10-20
2002,Oregon,132, ,123,<10,<10,<10,<10,<10,<10,118, 0-10
2002,Pennsylvania,263, ,229,10,<10,<10,<10,20,<10,225, 30-40
2002,Rhode Island,13, ,12,<10,<10,<10,<10,<10,<10,12,<10
2002,South Carolina,90, ,77,<10,<10,<10,<10,<10,<10,77, 0-10
2002,South Dakota,25, ,21,<10,<10,<10,<10,<10,<10,22,<10
2002,Tennessee,160, ,137,<10,<10,<10,<10,14,<10,134, 20-30
2002,Texas,429, ,372,19,<10,<10,<10,35,31,342,56
2002,Utah,51, ,49,<10,<10,<10,<10,<10,<10,47,<10
2002,Vermont,14, ,12,<10,<10,<10,<10,<10,<10,11,<10
2002,Virginia,182, ,157,<10,<10,<10,<10,15,<10,157, 10-20
2002,Washington,164, ,146,<10,<10,<10,<10,<10,<10,143, 10-20
2002,West Virginia,59, ,54,<10,<10,<10,<10,<10,<10,53,<10
2002,Wisconsin,119, ,110,<10,<10,<10,<10,<10,<10,102, 10-20
2002,Wyoming,23, ,23,<10,<10,<10,<10,<10,<10,21,<10
2003,U.S. Total,"6,005", ,"5,186",256,34,39,<10, 480-490,148,"5,089",768
2003,Alabama,113, ,98,<10,<10,<10,<10,<10,<10,102, 0-10
2003,Alaska,27, ,21,<10,<10,<10,<10,<10,<10,23,<10
2003,Arizona,156, ,131,<10,<10,<10,<10,19,<10,126, 20-30
2003,Arkansas,88, ,82,<10,<10,<10,<10,<10,<10,78, 0-10
2003,California,519, ,410,23,<10,<10,<10,72,20,398,101
2003,Colorado,151, ,143,<10,<10,<10,<10,<10,<10,130, 0-10
2003,Connecticut,49, ,43,<10,<10,<10,<10,<10,<10,43,<10
2003,Delaware,20, ,17,<10,<10,<10,<10,<10,<10,19,<10
2003,District of Columbia,<10, ,<10,<10,<10,<10,<10,<10,<10,<10,<10
2003,Florida,493, ,416,18,<10,<10,<10,55,15,398,80
2003,Georgia,189, ,166,14,<10,<10,<10,<10,<10,166, 10-20
2003,Hawaii,20, ,<10,<10,<10,<10,<10,<10,<10,16,<10
2003,Idaho,50, ,48,<10,<10,<10,<10,<10,<10,44,<10
2003,Illinois,170, ,151,10,<10,<10,<10,<10,<10,155, 10-20
2003,Indiana,137, ,121,<10,<10,<10,<10,<10,<10,113, 10-20
2003,Iowa,76, ,74,<10,<10,<10,<10,<10,<10,72,<10
2003,Kansas,67, ,59,<10,<10,<10,<10,<10,<10,58,<10
2003,Kentucky,102, ,96,<10,<10,<10,<10,<10,<10,89, 0-10
2003,Louisiana,77, ,61,<10,<10,<10,<10,<10,<10,66,<10
2003,Maine,33, ,32,<10,<10,<10,<10,<10,<10,30,<10
2003,Maryland,89, ,66,12,<10,<10,<10,10,<10,72, 0-10
2003,Massachusetts,73, ,69,<10,<10,<10,<10,<10,<10,67,<10
2003,Michigan,180, ,157,11,<10,<10,<10,12,<10,158, 10-20
2003,Minnesota,93, ,83,<10,<10,<10,<10,<10,<10,79, 0-10
2003,Mississippi,78, ,65,<10,<10,<10,<10,<10,<10,59, 10-20
2003,Missouri,153, ,130,<10,<10,<10,<10,19,<10,128, 20-30
2003,Montana,45, ,42,<10,<10,<10,<10,<10,<10,40,<10
2003,Nebraska,29, ,26,<10,<10,<10,<10,<10,<10,24,<10
2003,Nevada,110, ,95,<10,<10,<10,<10,<10,<10,88, 10-20
2003,New Hampshire,40, ,38,<10,<10,<10,<10,<10,<10,37,<10
2003,New Jersey,80, ,65,<10,<10,<10,<10,<10,<10,69,<10
2003,New Mexico,59, ,49,<10,<10,<10,<10,<10,<10,44,<10
2003,New York,187, ,152,<10,<10,<10,<10,22,<10,158, 10-20
2003,North Carolina,177, ,151,17,<10,<10,<10,<10,<10,154, 10-20
2003,North Dakota,17, ,16,<10,<10,<10,<10,<10,<10,16,<10
2003,Ohio,217, ,189,11,<10,<10,<10,17,<10,195, 10-20
2003,Oklahoma,94, ,84,<10,<10,<10,<10,<10,<10,77, 0-10
2003,Oregon,142, ,131,<10,<10,<10,<10,10,<10,122, 10-20
2003,Pennsylvania,275, ,245,<10,<10,<10,<10,21,<10,237, 30-40
2003,Rhode Island,19, ,19,<10,<10,<10,<10,<10,<10,18,<10
2003,South Carolina,110, ,88,<10,<10,<10,<10,12,<10,95, 0-10
2003,South Dakota,22, ,21,<10,<10,<10,<10,<10,<10,18,<10
2003,Tennessee,139, ,129,<10,<10,<10,<10,<10,<10,128, 0-10
2003,Texas,441, ,387,16,<10,<10,<10,33,33,366,42
2003,Utah,56, ,48,<10,<10,<10,<10,<10,<10,46,<10
2003,Vermont,13, ,12,<10,<10,<10,<10,<10,<10,<10,<10
2003,Virginia,146, ,120,15,<10,<10,<10,<10,<10,131, 0-10
2003,Washington,153, ,124,<10,<10,<10,<10,18,<10,124, 10-20
2003,West Virginia,64, ,57,<10,<10,<10,<10,<10,<10,51, 0-10
2003,Wisconsin,136, ,124,<10,<10,<10,<10,<10,<10,125,  0-10
2003,Wyoming,27, ,26,<10,<10,<10,<10,<10,<10,25,<10
2004,U.S. Total,"6,004", ,"5,120",293,29,39,16,507,162,"5,101",741
2004,Alabama,112, ,89,12,<10,<10,<10,11,<10,96,  10-20
2004,Alaska,20, ,17,<10,<10,<10,<10,<10,<10,18,<10
2004,Arizona,168, ,143,<10,<10,<10,<10,18,12,130,26
2004,Arkansas,90, ,84,<10,<10,<10,<10,<10,<10,82,<10
2004,California,507, ,416,21,<10,<10,<10,62,29,397,81
2004,Colorado,161, ,145,<10,<10,<10,<10,12,13,135,13
2004,Connecticut,43, ,38,<10,<10,<10,<10,<10,<10,34,<10
2004,Delaware,15, ,12,<10,<10,<10,<10,<10,<10,14,<10
2004,District of Columbia,<10, ,<10,<10,<10,<10,<10,<10,<10,<10,<10
2004,Florida,482, ,418,22,<10,<10,<10,35,16,405,61
2004,Georgia,187, ,148,27,<10,<10,<10,11,<10,161, 20-30
2004,Hawaii,17, ,<10,<10,<10,<10,<10,<10,<10,12,<10
2004,Idaho,35, ,33,<10,<10,<10,<10,<10,<10,29,<10
2004,Illinois,164, ,133,<10,<10,<10,<10,21,<10,139, 10-20
2004,Indiana,133, ,123,<10,<10,<10,<10,<10,<10,119, 0-10
2004,Iowa,57, ,55,<10,<10,<10,<10,<10,<10,54,<10
2004,Kansas,67, ,65,<10,<10,<10,<10,<10,<10,64,<10
2004,Kentucky,116, ,107,<10,<10,<10,<10,<10,<10,102, 0-10
2004,Louisiana,108, ,85,16,<10,<10,<10,<10,<10,96, 0-10
2004,Maine,29, ,25,<10,<10,<10,<10,<10,<10,27,<10
2004,Maryland,97, ,71,15,<10,<10,<10,11,<10,83, 0-10
2004,Massachusetts,68, ,59,<10,<10,<10,<10,<10,<10,57, 0-10
2004,Michigan,203, ,182,<10,<10,<10,<10,12,<10,187, 0-10
2004,Minnesota,108, ,99,<10,<10,<10,<10,<10,<10,98,<10
2004,Mississippi,77, ,62,<10,<10,<10,<10,<10,<10,63, 0-10
2004,Missouri,144, ,125,<10,<10,<10,<10,<10,<10,124, 10-20
2004,Montana,38, ,33,<10,<10,<10,<10,<10,<10,34,<10
2004,Nebraska,32, ,29,<10,<10,<10,<10,<10,<10,29,<10
2004,Nevada,112, ,99,<10,<10,<10,<10,<10,<10,94, 0-10
2004,New Hampshire,28, ,25,<10,<10,<10,<10,<10,<10,26,<10
2004,New Jersey,97, ,78,<10,<10,<10,<10,12,<10,77, 10-20
2004,New Mexico,66, ,53,<10,<10,<10,<10,<10,<10,52,<10
2004,New York,180, ,143,13,<10,<10,<10,21,<10,144, 20-30
2004,North Carolina,192, ,159,11,<10,<10,<10,17,<10,164, 20-30
2004,North Dakota,14, ,14,<10,<10,<10,<10,<10,<10,14,<10
2004,Ohio,226, ,195,<10,<10,<10,<10,22,<10,202, 10-20
2004,Oklahoma,110, ,94,<10,<10,<10,<10,<10,<10,95, 0-10
2004,Oregon,132, ,122,<10,<10,<10,<10,<10,<10,111, 10-20
2004,Pennsylvania,248, ,216,13,<10,<10,<10,17,<10,217, 20-30
2004,Rhode Island,16, ,15,<10,<10,<10,<10,<10,<10,16,<10
2004,South Carolina,99, ,73,11,<10,<10,<10,14,<10,78, 10-20
2004,South Dakota,22, ,18,<10,<10,<10,<10,<10,<10,20,<10
2004,Tennessee,155, ,126,10,<10,<10,<10,15,<10,135, 10-20
2004,Texas,440, ,370,20,<10,<10,<10,44,30,349,61
2004,Utah,54, ,48,<10,<10,<10,<10,<10,<10,50,<10
2004,Vermont,20, ,16,<10,<10,<10,<10,<10,<10,16,<10
2004,Virginia,160, ,136,16,<10,<10,<10,<10,<10,145, 0-10
2004,Washington,162, ,137,<10,<10,<10,<10,17,<10,137, 10-20
2004,West Virginia,71, ,67,<10,<10,<10,<10,<10,<10,64,<10
2004,Wisconsin,96, ,88,<10,<10,<10,<10,<10,<10,82, 0-10
2004,Wyoming,24, ,24,<10,<10,<10,<10,<10,<10,22,<10
2005,U.S. Total,"6,123", ,"5,275",288,39,41,<10, 460-470,152,"5,398",573
2005,Alabama,119, ,96,<10,<10,<10,<10,14,<10,103, 10-20
2005,Alaska,22, ,15,<10,<10,<10,<10,<10,<10,18,<10
2005,Arizona,186, ,166,<10,<10,<10,<10,15,10,164,12
2005,Arkansas,78, ,72,<10,<10,<10,<10,<10,<10,73,<10
2005,California,467, ,382,22,<10,<10,<10,50,26,386,55
2005,Colorado,163, ,146,<10,<10,<10,<10,10,12,139,12
2005,Connecticut,49, ,40,<10,<10,<10,<10,<10,<10,42,<10
2005,Delaware,18, ,15,<10,<10,<10,<10,<10,<10,17,<10
2005,District of Columbia,<10, ,<10,<10,<10,<10,<10,<10,<10,<10,<10
2005,Florida,490, ,426,25,<10,<10,<10,34,13,434,43
2005,Georgia,184, ,143,23,<10,<10,<10,17,<10,163, 10-20
2005,Hawaii,15, ,<10,<10,<10,<10,<10,<10,<10,12,<10
2005,Idaho,52, ,46,<10,<10,<10,<10,<10,<10,45,<10
2005,Illinois,203, ,173,10,<10,<10,<10,18,<10,179, 10-20
2005,Indiana,153, ,126,<10,<10,<10,<10,20,<10,128, 10-20
2005,Iowa,64, ,63,<10,<10,<10,<10,<10,<10,63,<10
2005,Kansas,70, ,63,<10,<10,<10,<10,<10,<10,63,<10
2005,Kentucky,116, ,100,<10,<10,<10,<10,10,<10,102, 0-10
2005,Louisiana,67, ,55,<10,<10,<10,<10,<10,<10,60,<10
2005,Maine,46, ,41,<10,<10,<10,<10,<10,<10,38,<10
2005,Maryland,95, ,77,11,<10,<10,<10,<10,<10,88,<10
2005,Massachusetts,67, ,59,<10,<10,<10,<10,<10,<10,61,<10
2005,Michigan,196, ,177,<10,<10,<10,<10,<10,<10,180, 10-20
2005,Minnesota,94, ,84,<10,<10,<10,<10,<10,<10,81, 0-10
2005,Mississippi,62, ,51,<10,<10,<10,<10,<10,<10,59,<10
2005,Missouri,160, ,144,<10,<10,<10,<10,12,<10,143, 10-20
2005,Montana,52, ,50,<10,<10,<10,<10,<10,<10,46,<10
2005,Nebraska,35, ,34,<10,<10,<10,<10,<10,<10,35,<10
2005,Nevada,110, ,103,<10,<10,<10,<10,<10,<10,96,<10
2005,New Hampshire,33, ,31,<10,<10,<10,<10,<10,<10,27,<10
2005,New Jersey,65, ,59,<10,<10,<10,<10,<10,<10,59,<10
2005,New Mexico,65, ,54,<10,<10,<10,<10,10,<10,46, 0-10
2005,New York,166, ,141,11,<10,<10,<10,10,<10,148, 10-20
2005,North Carolina,203, ,172,16,<10,<10,<10,14,<10,184, 10-20
2005,North Dakota,19, ,17,<10,<10,<10,<10,<10,<10,14,<10
2005,Ohio,293, ,267,12,<10,<10,<10,12,<10,278, 10-20
2005,Oklahoma,103, ,87,<10,<10,<10,<10,12,<10,89, 0-10
2005,Oregon,118, ,102,<10,<10,<10,<10,13,<10,102, 0-10
2005,Pennsylvania,285, ,245,17,<10,<10,<10,21,<10,256, 20-30
2005,Rhode Island,13, ,13,<10,<10,<10,<10,<10,<10,12,<10
2005,South Carolina,80, ,66,<10,<10,<10,<10,<10,<10,74,<10
2005,South Dakota,32, ,28,<10,<10,<10,<10,<10,<10,28,<10
2005,Tennessee,165, ,136,10,<10,<10,<10,14,<10,145, 10-20
2005,Texas,420, ,358,20,<10,<10,<10,36,31,355,34
2005,Utah,38, ,36,<10,<10,<10,<10,<10,<10,32,<10
2005,Vermont,14, ,11,<10,<10,<10,<10,<10,<10,11,<10
2005,Virginia,192, ,158,20,<10,<10,<10,12,<10,176, 0-10
2005,Washington,174, ,154,<10,<10,<10,<10,11,<10,155, 10-20
2005,West Virginia,57, ,45,<10,<10,<10,<10,<10,<10,48,<10
2005,Wisconsin,125, ,114,<10,<10,<10,<10,<10,<10,113, 0-10
2005,Wyoming,23, ,22,<10,<10,<10,<10,<10,<10,21,<10
2006,U.S. Total,"6,035", ,"5,244",262,32,55,<10, 420-430,145,"5,405",485
2006,Alabama,120, ,97,11,<10,<10,<10,12,<10,102, 10-20
2006,Alaska,27, ,25,<10,<10,<10,<10,<10,<10,24,<10
2006,Arizona,202, ,182,<10,<10,<10,<10,12,<10,175, 10-20
2006,Arkansas,80, ,69,<10,<10,<10,<10,<10,<10,74,<10
2006,California,540, ,460,23,<10,<10,<10,42,25,471,44
2006,Colorado,126, ,113,<10,<10,<10,<10,<10,<10,109, 0-10
2006,Connecticut,44, ,38,<10,<10,<10,<10,<10,<10,37,<10
2006,Delaware,16, ,15,<10,<10,<10,<10,<10,<10,16,<10
2006,District of Columbia,<10, ,<10,<10,<10,<10,<10,<10,<10,<10,<10
2006,Florida,502, ,456,<10,<10,<10,<10,32,15,461,26
2006,Georgia,166, ,130,22,<10,<10,<10,12,<10,151, 0-10
2006,Hawaii,15, ,<10,<10,<10,<10,<10,<10,<10,14,<10
2006,Idaho,42, ,39,<10,<10,<10,<10,<10,<10,38,<10
2006,Illinois,158, ,130,11,<10,<10,<10,15,<10,140, 10-20
2006,Indiana,148, ,132,<10,<10,<10,<10,10,<10,135, 0-10
2006,Iowa,63, ,57,<10,<10,<10,<10,<10,<10,59,<10
2006,Kansas,76, ,69,<10,<10,<10,<10,<10,<10,73,<10
2006,Kentucky,121, ,108,<10,<10,<10,<10,10,<10,110,<10
2006,Louisiana,68, ,50,13,<10,<10,<10,<10,<10,62,<10
2006,Maine,41, ,37,<10,<10,<10,<10,<10,<10,36,<10
2006,Maryland,86, ,63,18,<10,<10,<10,<10,<10,82,<10
2006,Massachusetts,52, ,48,<10,<10,<10,<10,<10,<10,49,<10
2006,Michigan,238, ,207,14,<10,<10,<10,14,<10,221, 0-10
2006,Minnesota,98, ,92,<10,<10,<10,<10,<10,<10,93,<10
2006,Mississippi,67, ,52,10,<10,<10,<10,<10,<10,59,<10
2006,Missouri,165, ,142,<10,<10,<10,<10,17,<10,144, 10-20
2006,Montana,49, ,43,<10,<10,<10,<10,<10,<10,43,<10
2006,Nebraska,39, ,36,<10,<10,<10,<10,<10,<10,36,<10
2006,Nevada,103, ,93,<10,<10,<10,<10,<10,<10,95,<10
2006,New Hampshire,33, ,29,<10,<10,<10,<10,<10,<10,28,<10
2006,New Jersey,67, ,56,<10,<10,<10,<10,<10,<10,61,<10
2006,New Mexico,61, ,55,<10,<10,<10,<10,<10,<10,57,<10
2006,New York,180, ,157,11,<10,<10,<10,10,<10,165,<10
2006,North Carolina,204, ,173,10,<10,<10,<10,18,<10,179, 10-20
2006,North Dakota,17, ,12,<10,<10,<10,<10,<10,<10,14,<10
2006,Ohio,241, ,213,<10,<10,<10,<10,19,<10,219, 10-20
2006,Oklahoma,95, ,80,<10,<10,<10,<10,<10,<10,86,<10
2006,Oregon,122, ,109,<10,<10,<10,<10,11,<10,104, 10-20
2006,Pennsylvania,263, ,232,<10,<10,<10,<10,21,<10,236, 20-30
2006,Rhode Island,21, ,18,<10,<10,<10,<10,<10,<10,17,<10
2006,South Carolina,96, ,80,10,<10,<10,<10,<10,<10,86,<10
2006,South Dakota,24, ,22,<10,<10,<10,<10,<10,<10,22,<10
2006,Tennessee,171, ,148,<10,<10,<10,<10,15,<10,147, 10-20
2006,Texas,400, ,337,19,<10,<10,<10,37,31,335,34
2006,Utah,48, ,44,<10,<10,<10,<10,<10,<10,41,<10
2006,Vermont,16, ,15,<10,<10,<10,<10,<10,<10,14,<10
2006,Virginia,164, ,150,10,<10,<10,<10,<10,<10,161,<10
2006,Washington,147, ,129,<10,<10,<10,<10,13,<10,132, 0-10
2006,West Virginia,57, ,54,<10,<10,<10,<10,<10,<10,52,<10
2006,Wisconsin,127, ,115,<10,<10,<10,<10,<10,<10,113, 0-10
2006,Wyoming,20, ,19,<10,<10,<10,<10,<10,<10,18,<10
2007,U.S. Total,"6,249", ,"5,405",282,33,47,<10, 470-480,170,"5,547",532
2007,Alabama,107, ,93,<10,<10,<10,<10,10,<10,93, 0-10
2007,Alaska,28, ,23,<10,<10,<10,<10,<10,<10,23,<10
2007,Arizona,200, ,175,<10,<10,<10,<10,19,<10,176, 10-20
2007,Arkansas,81, ,69,<10,<10,<10,<10,<10,<10,71,<10
2007,California,534, ,425,22,<10,12,<10,68,30,439,65
2007,Colorado,161, ,144,<10,<10,<10,<10,11,<10,142, 0-10
2007,Connecticut,35, ,31,<10,<10,<10,<10,<10,<10,31,<10
2007,Delaware,11, ,10,<10,<10,<10,<10,<10,<10,10,<10
2007,District of Columbia,<10, ,<10,<10,<10,<10,<10,<10,<10,<10,<10
2007,Florida,545, ,489,22,<10,<10,<10,28,21,496,28
2007,Georgia,200, ,168,17,<10,<10,<10,13,<10,178, 10-20
2007,Hawaii,21, ,13,<10,<10,<10,<10,<10,<10,18,<10
2007,Idaho,42, ,37,<10,<10,<10,<10,<10,<10,37,<10
2007,Illinois,165, ,139,14,<10,<10,<10,12,<10,144, 10-20
2007,Indiana,144, ,128,<10,<10,<10,<10,10,<10,134,<10
2007,Iowa,63, ,60,<10,<10,<10,<10,<10,<10,59,<10
2007,Kansas,77, ,72,<10,<10,<10,<10,<10,<10,73,<10
2007,Kentucky,127, ,113,<10,<10,<10,<10,<10,<10,114, 0-10
2007,Louisiana,83, ,66,<10,<10,<10,<10,<10,<10,74,<10
2007,Maine,40, ,34,<10,<10,<10,<10,<10,<10,35,<10
2007,Maryland,91, ,65,16,<10,<10,<10,10,<10,79, 0-10
2007,Massachusetts,71, ,62,<10,<10,<10,<10,<10,<10,62,<10
2007,Michigan,203, ,180,<10,<10,<10,<10,17,<10,187, 10-20
2007,Minnesota,107, ,95,<10,<10,<10,<10,<10,<10,96,<10
2007,Mississippi,75, ,56,<10,<10,<10,<10,<10,<10,66,<10
2007,Missouri,138, ,112,<10,<10,<10,<10,17,<10,117, 10-20
2007,Montana,48, ,45,<10,<10,<10,<10,<10,<10,45,<10
2007,Nebraska,30, ,29,<10,<10,<10,<10,<10,<10,29,<10
2007,Nevada,96, ,86,<10,<10,<10,<10,<10,<10,84,<10
2007,New Hampshire,41, ,38,<10,<10,<10,<10,<10,<10,39,<10
2007,New Jersey,78, ,72,<10,<10,<10,<10,<10,<10,68,<10
2007,New Mexico,90, ,76,<10,<10,<10,<10,<10,12,68,10
2007,New York,179, ,152,<10,<10,<10,<10,15,<10,157, 10-20
2007,North Carolina,195, ,173,14,<10,<10,<10,<10,<10,184,<10
2007,North Dakota,23, ,22,<10,<10,<10,<10,<10,<10,22,<10
2007,Ohio,266, ,232,15,<10,<10,<10,18,<10,244, 10-20
2007,Oklahoma,103, ,96,<10,<10,<10,<10,<10,<10,93,<10
2007,Oregon,136, ,127,<10,<10,<10,<10,<10,<10,123, 0-10
2007,Pennsylvania,262, ,229,<10,<10,<10,<10,22,<10,233, 10-20
2007,Rhode Island,20, ,20,<10,<10,<10,<10,<10,<10,20,<10
2007,South Carolina,112, ,98,12,<10,<10,<10,<10,<10,106,<10
2007,South Dakota,19, ,17,<10,<10,<10,<10,<10,<10,16,<10
2007,Tennessee,156, ,134,<10,<10,<10,<10,12,<10,139, 10-20
2007,Texas,406, ,344,23,<10,<10,<10,33,32,341,33
2007,Utah,58, ,49,<10,<10,<10,<10,<10,<10,48,<10
2007,Vermont,17, ,16,<10,<10,<10,<10,<10,<10,16,<10
2007,Virginia,178, ,153,19,<10,<10,<10,<10,<10,169,<10
2007,Washington,178, ,157,<10,<10,<10,<10,10,<10,164, 0-10
2007,West Virginia,66, ,58,<10,<10,<10,<10,<10,<10,61,<10
2007,Wisconsin,113, ,96,<10,<10,<10,<10,13,<10,96, 10-20
2007,Wyoming,25, ,24,<10,<10,<10,<10,<10,<10,23,<10
2008,U.S. Total,"6,566", ,"5,452",283,33,56,14,728,154,"5,581",831
2008,Alabama,120, ,103,12,<10,<10,<10,<10,<10,108, 0-10
2008,Alaska,20, ,18,<10,<10,<10,<10,<10,<10,19,<10
2008,Arizona,195, ,173,<10,<10,<10,<10,16,<10,169, 10-20
2008,Arkansas,86, ,74,<10,<10,<10,<10,<10,<10,74, 0-10
2008,California,619, ,486,30,<10,<10,<10,88,27,498,94
2008,Colorado,173, ,149,<10,<10,<10,<10,13,10,148,15
2008,Connecticut,42, ,36,<10,<10,<10,<10,<10,<10,36,<10
2008,Delaware,16, ,11,<10,<10,<10,<10,<10,<10,14,<10
2008,District of Columbia,<10, ,<10,<10,<10,<10,<10,<10,<10,<10,<10
2008,Florida,559, ,478,19,<10,<10,<10,50,18,483,58
2008,Georgia,187, ,148,16,<10,<10,<10,20,<10,161, 10-20
2008,Hawaii,19, ,12,<10,<10,<10,<10,<10,<10,17,<10
2008,Idaho,59, ,54,<10,<10,<10,<10,<10,<10,54,<10
2008,Illinois,195, ,154,10,<10,<10,<10,28,<10,161, 20-30
2008,Indiana,176, ,149,<10,<10,<10,<10,22,<10,149, 20-30
2008,Iowa,65, ,57,<10,<10,<10,<10,<10,<10,56,<10
2008,Kansas,57, ,50,<10,<10,<10,<10,<10,<10,46,<10
2008,Kentucky,115, ,98,<10,<10,<10,<10,13,<10,99, 10-20
2008,Louisiana,98, ,80,10,<10,<10,<10,<10,<10,87,<10
2008,Maine,37, ,31,<10,<10,<10,<10,<10,<10,30,<10
2008,Maryland,94, ,67,16,<10,<10,<10,11,<10,84, 0-10
2008,Massachusetts,71, ,59,<10,<10,<10,<10,11,<10,57, 0-10
2008,Michigan,194, ,166,<10,<10,<10,<10,19,<10,170, 10-20
2008,Minnesota,102, ,75,<10,<10,<10,<10,22,<10,76, 20-30
2008,Mississippi,83, ,77,<10,<10,<10,<10,<10,<10,75,<10
2008,Missouri,143, ,117,<10,<10,<10,<10,19,<10,123, 10-20
2008,Montana,49, ,42,<10,<10,<10,<10,<10,<10,40,<10
2008,Nebraska,35, ,33,<10,<10,<10,<10,<10,<10,33,<10
2008,Nevada,132, ,117,<10,<10,<10,<10,12,<10,115, 0-10
2008,New Hampshire,34, ,30,<10,<10,<10,<10,<10,<10,30,<10
2008,New Jersey,88, ,72,<10,<10,<10,<10,12,<10,72, 0-10
2008,New Mexico,62, ,50,<10,<10,<10,<10,<10,16,38,<10
2008,New York,216, ,176,10,<10,<10,<10,27,<10,180, 20-30
2008,North Carolina,208, ,166,15,<10,<10,<10,26,<10,178, 20-30
2008,North Dakota,10, ,<10,<10,<10,<10,<10,<10,<10,<10,<10
2008,Ohio,253, ,197,17,<10,<10,<10,38,<10,205, 40-50
2008,Oklahoma,122, ,99,<10,<10,<10,<10,15,<10,106, 10-20
2008,Oregon,125, ,106,<10,<10,<10,<10,15,<10,110, 0-10
2008,Pennsylvania,299, ,250,10,<10,<10,<10,38,<10,255, 30-40
2008,Rhode Island,17, ,16,<10,<10,<10,<10,<10,<10,16,<10
2008,South Carolina,110, ,96,<10,<10,<10,<10,<10,<10,103,<10
2008,South Dakota,17, ,12,<10,<10,<10,<10,<10,<10,13,<10
2008,Tennessee,164, ,137,<10,<10,<10,<10,17,<10,143, 10-20
2008,Texas,454, ,377,22,<10,<10,<10,46,26,376,52
2008,Utah,52, ,45,<10,<10,<10,<10,<10,<10,42,<10
2008,Vermont,21, ,20,<10,<10,<10,<10,<10,<10,20,<10
2008,Virginia,174, ,142,11,<10,<10,<10,15,<10,154, 10-20
2008,Washington,179, ,159,<10,<10,<10,<10,12,<10,164, 0-10
2008,West Virginia,48, ,42,<10,<10,<10,<10,<10,<10,41,<10
2008,Wisconsin,135, ,107,<10,<10,<10,<10,19,<10,113, 10-20
2008,Wyoming,31, ,27,<10,<10,<10,<10,<10,<10,26,<10
2009,U.S. Total,"6,518", ,"5,210",287,44,67,13,897,164,"5,310","1,044"
2009,Alabama,154, ,120,12,<10,<10,<10,20,<10,126, 20-30
2009,Alaska,30, ,26,<10,<10,<10,<10,<10,<10,29,<10
2009,Arizona,206, ,185,<10,<10,<10,<10,14,<10,181, 10-20
2009,Arkansas,77, ,61,<10,<10,<10,<10,11,<10,64, 0-10
2009,California,594, ,446,27,<10,16,<10,96,38,453,103
2009,Colorado,178, ,143,<10,<10,<10,<10,29,<10,139, 20-30
2009,Connecticut,41, ,35,<10,<10,<10,<10,<10,<10,35,<10
2009,Delaware,13, ,11,<10,<10,<10,<10,<10,<10,11,<10
2009,District of Columbia,<10, ,<10,<10,<10,<10,<10,<10,<10,<10,<10
2009,Florida,557, ,467,23,<10,<10,<10,61,11,467,79
2009,Georgia,212, ,160,26,<10,<10,<10,24,<10,180, 20-30
2009,Hawaii,22, ,12,<10,<10,<10,<10,<10,<10,17,<10
2009,Idaho,61, ,56,<10,<10,<10,<10,<10,<10,52,<10
2009,Illinois,177, ,131,<10,<10,<10,<10,39,<10,131, 30-40
2009,Indiana,135, ,115,<10,<10,<10,<10,15,<10,115, 10-20
2009,Iowa,74, ,60,<10,<10,<10,<10,14,<10,59, 10-20
2009,Kansas,73, ,62,<10,<10,<10,<10,<10,<10,65,<10
2009,Kentucky,101, ,78,<10,<10,<10,<10,20,<10,79, 10-20
2009,Louisiana,89, ,65,<10,<10,<10,<10,16,<10,70, 10-20
2009,Maine,42, ,33,<10,<10,<10,<10,<10,<10,34,<10
2009,Maryland,86, ,60,15,<10,<10,<10,11,<10,70, 0-10
2009,Massachusetts,81, ,64,<10,<10,<10,<10,14,<10,64, 10-20
2009,Michigan,212, ,151,<10,<10,<10,<10,49,<10,155, 40-50
2009,Minnesota,97, ,82,<10,<10,<10,<10,13,<10,82, 0-10
2009,Mississippi,75, ,67,<10,<10,<10,<10,<10,<10,64, 0-10
2009,Missouri,168, ,127,<10,<10,<10,<10,36,<10,125, 30-40
2009,Montana,51, ,42,<10,<10,<10,<10,<10,<10,40, 0-10
2009,Nebraska,44, ,38,<10,<10,<10,<10,<10,<10,39,<10
2009,Nevada,103, ,85,<10,<10,<10,<10,16,<10,80, 10-20
2009,New Hampshire,30, ,24,<10,<10,<10,<10,<10,<10,24,<10
2009,New Jersey,73, ,56,<10,<10,<10,<10,11,<10,59, 0-10
2009,New Mexico,80, ,64,<10,<10,<10,<10,10,13,58,<10
2009,New York,198, ,154,<10,<10,<10,<10,32,<10,155, 30-40
2009,North Carolina,182, ,151,15,<10,<10,<10,14,<10,160, 10-20
2009,North Dakota,11, ,<10,<10,<10,<10,<10,<10,<10,11,<10
2009,Ohio,207, ,158,11,<10,<10,<10,38,<10,165, 30-40
2009,Oklahoma,104, ,86,<10,<10,<10,<10,11,<10,89, 0-10
2009,Oregon,123, ,103,<10,<10,<10,<10,19,<10,99, 10-20
2009,Pennsylvania,279, ,216,15,<10,<10,<10,46,<10,217, 50-60
2009,Rhode Island,17, ,15,<10,<10,<10,<10,<10,<10,15,<10
2009,South Carolina,123, ,104,<10,<10,<10,<10,11,<10,109, 0-10
2009,South Dakota,28, ,22,<10,<10,<10,<10,<10,<10,24,<10
2009,Tennessee,177, ,148,<10,<10,<10,<10,19,<10,148, 20-30
2009,Texas,464, ,376,18,<10,10,<10,58,29,380,55
2009,Utah,66, ,59,<10,<10,<10,<10,<10,<10,59,<10
2009,Vermont,13, ,13,<10,<10,<10,<10,<10,<10,13,<10
2009,Virginia,182, ,133,21,<10,<10,<10,23,<10,154, 20-30
2009,Washington,200, ,160,<10,<10,<10,<10,25,<10,168, 20-30
2009,West Virginia,52, ,48,<10,<10,<10,<10,<10,<10,46,<10
2009,Wisconsin,130, ,108,<10,<10,<10,<10,19,<10,109, 10-20
2009,Wyoming,22, ,20,<10,<10,<10,<10,<10,<10,18,<10
2010,U.S. Total,"6,548", ,"5,857",340,37,84,17,213,205,"6,094",249
2010,Alabama,127, ,111,<10,<10,<10,<10,<10,<10,116, 0-10
2010,Alaska,26, ,23,<10,<10,<10,<10,<10,<10,25,<10
2010,Arizona,201, ,185,<10,<10,<10,<10,<10,<10,187,<10
2010,Arkansas,87, ,77,<10,<10,<10,<10,<10,<10,82,<10
2010,California,568, ,486,34,<10,15,<10,24,49,494,25
2010,Colorado,142, ,137,<10,<10,<10,<10,<10,<10,130,<10
2010,Connecticut,47, ,44,<10,<10,<10,<10,<10,<10,44,<10
2010,Delaware,14, ,13,<10,<10,<10,<10,<10,<10,14,<10
2010,District of Columbia,<10, ,<10,<10,<10,<10,<10,<10,<10,<10,<10
2010,Florida,565, ,527,21,<10,<10,<10,14,20,529,16
2010,Georgia,188, ,150,32,<10,<10,<10,<10,<10,180,<10
2010,Hawaii,21, ,12,<10,<10,<10,<10,<10,<10,18,<10
2010,Idaho,59, ,53,<10,<10,<10,<10,<10,<10,55,<10
2010,Illinois,174, ,162,<10,<10,<10,<10,<10,<10,165,<10
2010,Indiana,136, ,124,<10,<10,<10,<10,<10,<10,127,<10
2010,Iowa,73, ,70,<10,<10,<10,<10,<10,<10,70,<10
2010,Kansas,69, ,63,<10,<10,<10,<10,<10,<10,65,<10
2010,Kentucky,111, ,98,<10,<10,<10,<10,<10,<10,103,<10
2010,Louisiana,107, ,92,11,<10,<10,<10,<10,<10,103,<10
2010,Maine,47, ,46,<10,<10,<10,<10,<10,<10,45,<10
2010,Maryland,82, ,67,14,<10,<10,<10,<10,<10,78,<10
2010,Massachusetts,97, ,87,<10,<10,<10,<10,<10,<10,88,<10
2010,Michigan,193, ,176,10,<10,<10,<10,<10,<10,187,<10
2010,Minnesota,95, ,81,<10,<10,<10,<10,<10,<10,86,<10
2010,Mississippi,77, ,67,<10,<10,<10,<10,<10,<10,74,<10
2010,Missouri,172, ,159,<10,<10,<10,<10,<10,<10,163,<10
2010,Montana,59, ,56,<10,<10,<10,<10,<10,<10,58,<10
2010,Nebraska,35, ,32,<10,<10,<10,<10,<10,<10,32,<10
2010,Nevada,120, ,104,<10,<10,<10,<10,<10,<10,114,<10
2010,New Hampshire,35, ,33,<10,<10,<10,<10,<10,<10,33,<10
2010,New Jersey,78, ,68,<10,<10,<10,<10,<10,<10,74,<10
2010,New Mexico,71, ,68,<10,<10,<10,<10,<10,12,58,<10
2010,New York,195, ,173,<10,<10,<10,<10,<10,<10,178,<10
2010,North Carolina,194, ,177,10,<10,<10,<10,<10,<10,189,<10
2010,North Dakota,23, ,19,<10,<10,<10,<10,<10,<10,22,<10
2010,Ohio,272, ,244,12,<10,<10,<10,11,<10,252, 10-20
2010,Oklahoma,115, ,105,<10,<10,<10,<10,<10,<10,109,<10
2010,Oregon,135, ,126,<10,<10,<10,<10,<10,<10,127,<10
2010,Pennsylvania,269, ,250,<10,<10,<10,<10,11,<10,252, 0-10
2010,Rhode Island,17, ,15,<10,<10,<10,<10,<10,<10,16,<10
2010,South Carolina,119, ,100,11,<10,<10,<10,<10,<10,112,<10
2010,South Dakota,19, ,18,<10,<10,<10,<10,<10,<10,19,<10
2010,Tennessee,143, ,131,<10,<10,<10,<10,<10,<10,140,<10
2010,Texas,500, ,440,37,<10,<10,<10,11,30,456,14
2010,Utah,67, ,63,<10,<10,<10,<10,<10,<10,62,<10
2010,Vermont,18, ,16,<10,<10,<10,<10,<10,<10,16,<10
2010,Virginia,170, ,134,28,<10,<10,<10,<10,<10,160,<10
2010,Washington,180, ,159,<10,<10,<10,<10,<10,<10,167, 0-10
2010,West Virginia,60, ,55,<10,<10,<10,<10,<10,<10,57,<10
2010,Wisconsin,142, ,133,<10,<10,<10,<10,<10,<10,133,<10
2010,Wyoming,27, ,25,<10,<10,<10,<10,<10,<10,24,<10
2011,U.S. Total,"6,447", ,"5,791",328,53,94,17,164,237,"6,037",173
2011,Alabama,127, ,105,18,<10,<10,<10,<10,<10,121,<10
2011,Alaska,19, ,18,<10,<10,<10,<10,<10,<10,19,<10
2011,Arizona,207, ,192,<10,<10,<10,<10,<10,19,186,<10
2011,Arkansas,83, ,73,<10,<10,<10,<10,<10,<10,75,<10
2011,California,597, ,530,22,<10,13,<10,23,52,532,13
2011,Colorado,141, ,123,<10,<10,<10,<10,<10,<10,131,<10
2011,Connecticut,55, ,49,<10,<10,<10,<10,<10,<10,52,<10
2011,Delaware,16, ,15,<10,<10,<10,<10,<10,<10,16,<10
2011,District of Columbia,<10, ,<10,<10,<10,<10,<10,<10,<10,<10,<10
2011,Florida,547, ,500,26,<10,<10,<10,14,34,502,11
2011,Georgia,193, ,154,31,<10,<10,<10,<10,<10,182,<10
2011,Hawaii,24, ,16,<10,<10,<10,<10,<10,<10,20,<10
2011,Idaho,58, ,55,<10,<10,<10,<10,<10,<10,55,<10
2011,Illinois,158, ,146,<10,<10,<10,<10,<10,<10,154,<10
2011,Indiana,131, ,128,<10,<10,<10,<10,<10,<10,127,<10
2011,Iowa,78, ,77,<10,<10,<10,<10,<10,<10,75,<10
2011,Kansas,59, ,52,<10,<10,<10,<10,<10,<10,54,<10
2011,Kentucky,115, ,105,<10,<10,<10,<10,<10,<10,112,<10
2011,Louisiana,82, ,68,<10,<10,<10,<10,<10,<10,78,<10
2011,Maine,49, ,48,<10,<10,<10,<10,<10,<10,49,<10
2011,Maryland,92, ,75,13,<10,<10,<10,<10,<10,89,<10
2011,Massachusetts,72, ,72,<10,<10,<10,<10,<10,<10,68,<10
2011,Michigan,192, ,176,11,<10,<10,<10,<10,<10,186,<10
2011,Minnesota,109, ,99,<10,<10,<10,<10,<10,<10,105,<10
2011,Mississippi,63, ,53,<10,<10,<10,<10,<10,<10,61,<10
2011,Missouri,145, ,136,<10,<10,<10,<10,<10,<10,144,<10
2011,Montana,59, ,54,<10,<10,<10,<10,<10,<10,53,<10
2011,Nebraska,39, ,38,<10,<10,<10,<10,<10,<10,39,<10
2011,Nevada,81, ,70,<10,<10,<10,<10,<10,<10,69,<10
2011,New Hampshire,33, ,32,<10,<10,<10,<10,<10,<10,31,<10
2011,New Jersey,75, ,66,<10,<10,<10,<10,<10,<10,69,<10
2011,New Mexico,70, ,66,<10,<10,<10,<10,<10,<10,59,<10
2011,New York,229, ,206,12,<10,<10,<10,<10,<10,213,<10
2011,North Carolina,202, ,171,21,<10,<10,<10,<10,<10,193,<10
2011,North Dakota,22, ,20,<10,<10,<10,<10,<10,<10,22,<10
2011,Ohio,250, ,235,<10,<10,<10,<10,<10,<10,240,<10
2011,Oklahoma,127, ,113,<10,<10,<10,<10,<10,<10,121,<10
2011,Oregon,139, ,134,<10,<10,<10,<10,<10,<10,132,<10
2011,Pennsylvania,269, ,242,10,<10,<10,<10,11,<10,256, 0-10
2011,Rhode Island,17, ,16,<10,<10,<10,<10,<10,<10,15,<10
2011,South Carolina,123, ,105,16,<10,<10,<10,<10,<10,116,<10
2011,South Dakota,23, ,20,<10,<10,<10,<10,<10,<10,23,<10
2011,Tennessee,162, ,145,<10,<10,<10,<10,<10,<10,152,<10
2011,Texas,492, ,438,30,<10,<10,<10,13,38,440,14
2011,Utah,54, ,50,<10,<10,<10,<10,<10,<10,52,<10
2011,Vermont,29, ,29,<10,<10,<10,<10,<10,<10,29,<10
2011,Virginia,180, ,149,22,<10,<10,<10,<10,<10,172,<10
2011,Washington,162, ,145,<10,<10,<10,<10,<10,<10,155,<10
2011,West Virginia,60, ,55,<10,<10,<10,<10,<10,<10,59,<10
2011,Wisconsin,110, ,100,<10,<10,<10,<10,<10,<10,106,<10
2011,Wyoming,25, ,25,<10,<10,<10,<10,<10,<10,25,<10
2012,U.S. Total,"6,442", ,"5,809",328,42,75,15,173,214,"6,060",168
2012,Alabama,127, ,102,16,<10,<10,<10,<10,<10,120,<10
2012,Alaska,23, ,20,<10,<10,<10,<10,<10,<10,22,<10
2012,Arizona,227, ,211,<10,<10,<10,<10,<10,<10,218,<10
2012,Arkansas,85, ,76,<10,<10,<10,<10,<10,<10,80,<10
2012,California,544, ,481,27,<10,<10,<10,25,31,493,20
2012,Colorado,163, ,153,<10,<10,<10,<10,<10,<10,152,<10
2012,Connecticut,44, ,42,<10,<10,<10,<10,<10,<10,41,<10
2012,Delaware,19, ,16,<10,<10,<10,<10,<10,<10,19,<10
2012,District of Columbia,<10, ,<10,<10,<10,<10,<10,<10,<10,<10,<10
2012,Florida,538, ,500,21,<10,<10,<10,11,20,508,10
2012,Georgia,190, ,161,23,<10,<10,<10,<10,<10,181,<10
2012,Hawaii,25, ,18,<10,<10,<10,<10,<10,<10,21,<10
2012,Idaho,47, ,46,<10,<10,<10,<10,<10,<10,46,<10
2012,Illinois,185, ,163,10,<10,<10,<10,<10,<10,172,<10
2012,Indiana,156, ,145,<10,<10,<10,<10,<10,<10,150,<10
2012,Iowa,54, ,51,<10,<10,<10,<10,<10,<10,51,<10
2012,Kansas,73, ,66,<10,<10,<10,<10,<10,<10,70,<10
2012,Kentucky,116, ,101,<10,<10,<10,<10,<10,<10,113,<10
2012,Louisiana,86, ,78,<10,<10,<10,<10,<10,<10,84,<10
2012,Maine,38, ,36,<10,<10,<10,<10,<10,<10,35,<10
2012,Maryland,93, ,73,16,<10,<10,<10,<10,<10,87,<10
2012,Massachusetts,70, ,63,<10,<10,<10,<10,<10,<10,64,<10
2012,Michigan,166, ,153,<10,<10,<10,<10,<10,<10,160,<10
2012,Minnesota,120, ,115,<10,<10,<10,<10,<10,<10,118,<10
2012,Mississippi,72, ,59,<10,<10,<10,<10,<10,<10,67,<10
2012,Missouri,172, ,160,<10,<10,<10,<10,<10,<10,165,<10
2012,Montana,53, ,49,<10,<10,<10,<10,<10,<10,50,<10
2012,Nebraska,43, ,41,<10,<10,<10,<10,<10,<10,40,<10
2012,Nevada,96, ,83,<10,<10,<10,<10,<10,<10,91,<10
2012,New Hampshire,34, ,31,<10,<10,<10,<10,<10,<10,32,<10
2012,New Jersey,67, ,56,<10,<10,<10,<10,<10,<10,64,<10
2012,New Mexico,65, ,64,<10,<10,<10,<10,<10,10,55,<10
2012,New York,194, ,170,12,<10,<10,<10,<10,11,176,<10
2012,North Carolina,190, ,172,11,<10,<10,<10,<10,<10,181,<10
2012,North Dakota,19, ,18,<10,<10,<10,<10,<10,<10,18,<10
2012,Ohio,260, ,234,17,<10,<10,<10,<10,<10,254,<10
2012,Oklahoma,111, ,93,<10,<10,<10,<10,<10,<10,102,<10
2012,Oregon,140, ,133,<10,<10,<10,<10,<10,<10,131,<10
2012,Pennsylvania,275, ,252,15,<10,<10,<10,<10,<10,266,<10
2012,Rhode Island,13, ,12,<10,<10,<10,<10,<10,<10,12,<10
2012,South Carolina,122, ,101,15,<10,<10,<10,<10,<10,116,<10
2012,South Dakota,19, ,18,<10,<10,<10,<10,<10,<10,19,<10
2012,Tennessee,170, ,156,<10,<10,<10,<10,<10,<10,164,<10
2012,Texas,491, ,442,22,<10,<10,<10,17,47,431,13
2012,Utah,69, ,67,<10,<10,<10,<10,<10,<10,67,<10
2012,Vermont,<10, ,<10,<10,<10,<10,<10,<10,<10,<10,<10
2012,Virginia,185, ,166,12,<10,<10,<10,<10,<10,173,<10
2012,Washington,183, ,169,<10,<10,<10,<10,<10,<10,178,<10
2012,West Virginia,63, ,58,<10,<10,<10,<10,<10,<10,62,<10
2012,Wisconsin,103, ,94,<10,<10,<10,<10,<10,<10,98,<10
2012,Wyoming,30, ,29,<10,<10,<10,<10,<10,<10,29,<10
2013,U.S. Total,"6,503", ,"5,768",371,49,110,26,179,197,"6,141",165
2013,Alabama,134, ,119,11,<10,<10,<10,<10,<10,129,<10
2013,Alaska,20, ,13,<10,<10,<10,<10,<10,<10,17,<10
2013,Arizona,236, ,208,11,<10,<10,<10,<10,13,218,<10
2013,Arkansas,97, ,88,<10,<10,<10,<10,<10,<10,93,<10
2013,California,537, ,468,31,<10,11,<10,21,41,482,14
2013,Colorado,155, ,142,<10,<10,<10,<10,<10,<10,145,<10
2013,Connecticut,34, ,29,<10,<10,<10,<10,<10,<10,30,<10
2013,Delaware,18, ,18,<10,<10,<10,<10,<10,<10,17,<10
2013,District of Columbia,<10, ,<10,<10,<10,<10,<10,<10,<10,<10,<10
2013,Florida,549, ,495,29,<10,<10,<10,12,24,519,<10
2013,Georgia,178, ,144,25,<10,<10,<10,<10,<10,170,<10
2013,Hawaii,28, ,14,<10,<10,<10,<10,<10,<10,26,<10
2013,Idaho,56, ,53,<10,<10,<10,<10,<10,<10,54,<10
2013,Illinois,172, ,149,17,<10,<10,<10,<10,<10,166,<10
2013,Indiana,153, ,137,<10,<10,<10,<10,<10,<10,147,<10
2013,Iowa,66, ,62,<10,<10,<10,<10,<10,<10,63,<10
2013,Kansas,71, ,65,<10,<10,<10,<10,<10,<10,69,<10
2013,Kentucky,118, ,110,<10,<10,<10,<10,<10,<10,116,<10
2013,Louisiana,86, ,77,<10,<10,<10,<10,<10,<10,85,<10
2013,Maine,47, ,44,<10,<10,<10,<10,<10,<10,45,<10
2013,Maryland,83, ,67,12,<10,<10,<10,<10,<10,77,<10
2013,Massachusetts,58, ,55,<10,<10,<10,<10,<10,<10,57,<10
2013,Michigan,184, ,164,11,<10,<10,<10,<10,<10,176,<10
2013,Minnesota,96, ,85,<10,<10,<10,<10,<10,<10,90,<10
2013,Mississippi,49, ,45,<10,<10,<10,<10,<10,<10,49,<10
2013,Missouri,201, ,178,10,<10,<10,<10,<10,<10,190,<10
2013,Montana,30, ,26,<10,<10,<10,<10,<10,<10,29,<10
2013,Nebraska,36, ,32,<10,<10,<10,<10,<10,<10,34,<10
2013,Nevada,112, ,98,<10,<10,<10,<10,<10,<10,107,<10
2013,New Hampshire,26, ,26,<10,<10,<10,<10,<10,<10,26,<10
2013,New Jersey,99, ,86,<10,<10,<10,<10,<10,<10,94,<10
2013,New Mexico,65, ,59,<10,<10,<10,<10,<10,10,53,<10
2013,New York,197, ,174,10,<10,<10,<10,<10,<10,184,<10
2013,North Carolina,209, ,188,15,<10,<10,<10,<10,<10,203,<10
2013,North Dakota,16, ,13,<10,<10,<10,<10,<10,<10,15,<10
2013,Ohio,231, ,209,14,<10,<10,<10,<10,<10,228,<10
2013,Oklahoma,114, ,98,<10,<10,<10,<10,<10,<10,107,<10
2013,Oregon,138, ,128,<10,<10,<10,<10,<10,<10,131,<10
2013,Pennsylvania,289, ,271,13,<10,<10,<10,<10,<10,284,<10
2013,Rhode Island,18, ,18,<10,<10,<10,<10,<10,<10,18,<10
2013,South Carolina,127, ,107,13,<10,<10,<10,<10,<10,123,<10
2013,South Dakota,19, ,15,<10,<10,<10,<10,<10,<10,17,<10
2013,Tennessee,174, ,153,13,<10,<10,<10,<10,<10,166,<10
2013,Texas,496, ,430,32,<10,14,<10,15,32,451,13
2013,Utah,67, ,64,<10,<10,<10,<10,<10,<10,65,<10
2013,Vermont,13, ,12,<10,<10,<10,<10,<10,<10,12,<10
2013,Virginia,189, ,157,23,<10,<10,<10,<10,<10,179,<10
2013,Washington,175, ,161,<10,<10,<10,<10,<10,<10,163,<10
2013,West Virginia,70, ,65,<10,<10,<10,<10,<10,<10,65,<10
2013,Wisconsin,127, ,117,<10,<10,<10,<10,<10,<10,120,<10
2013,Wyoming,31, ,28,<10,<10,<10,<10,<10,<10,29,<10
2014,U.S. Total,"6,647", ,"5,942",317,61,88,28,211,255,"6,205",187
2014,Alabama,116, ,103,<10,<10,<10,<10,<10,<10,110,<10
2014,Alaska,31, ,26,<10,<10,<10,<10,<10,<10,28,<10
2014,Arizona,246, ,224,<10,<10,<10,<10,10,16,223,<10
2014,Arkansas,92, ,78,<10,<10,<10,<10,<10,<10,89,<10
2014,California,621, ,545,25,<10,17,<10,27,55,550,16
2014,Colorado,170, ,163,<10,<10,<10,<10,<10,11,156,<10
2014,Connecticut,44, ,41,<10,<10,<10,<10,<10,<10,41,<10
2014,Delaware,22, ,19,<10,<10,<10,<10,<10,<10,20,<10
2014,District of Columbia,<10, ,<10,<10,<10,<10,<10,<10,<10,<10,<10
2014,Florida,548, ,493,24,<10,<10,<10,18,21,509,18
2014,Georgia,172, ,136,24,<10,<10,<10,<10,<10,163,<10
2014,Hawaii,24, ,14,<10,<10,<10,<10,<10,<10,24,<10
2014,Idaho,49, ,47,<10,<10,<10,<10,<10,<10,49,<10
2014,Illinois,183, ,160,13,<10,<10,<10,<10,<10,171,<10
2014,Indiana,121, ,117,<10,<10,<10,<10,<10,<10,118,<10
2014,Iowa,72, ,69,<10,<10,<10,<10,<10,<10,69,<10
2014,Kansas,71, ,69,<10,<10,<10,<10,<10,<10,67,<10
2014,Kentucky,130, ,122,<10,<10,<10,<10,<10,<10,124,<10
2014,Louisiana,104, ,89,<10,<10,<10,<10,<10,<10,97,<10
2014,Maine,49, ,46,<10,<10,<10,<10,<10,<10,45,<10
2014,Maryland,81, ,59,16,<10,<10,<10,<10,<10,77,<10
2014,Massachusetts,63, ,58,<10,<10,<10,<10,<10,<10,60,<10
2014,Michigan,205, ,185,11,<10,<10,<10,<10,<10,196,<10
2014,Minnesota,96, ,93,<10,<10,<10,<10,<10,<10,93,<10
2014,Mississippi,62, ,49,10,<10,<10,<10,<10,<10,58,<10
2014,Missouri,186, ,167,<10,<10,<10,<10,10,<10,173, 0-10
2014,Montana,50, ,42,<10,<10,<10,<10,<10,<10,49,<10
2014,Nebraska,53, ,51,<10,<10,<10,<10,<10,<10,48,<10
2014,Nevada,108, ,97,<10,<10,<10,<10,<10,<10,103,<10
2014,New Hampshire,34, ,32,<10,<10,<10,<10,<10,<10,33,<10
2014,New Jersey,83, ,71,<10,<10,<10,<10,<10,<10,77,<10
2014,New Mexico,86, ,76,<10,<10,<10,<10,<10,10,73,<10
2014,New York,202, ,175,10,<10,<10,<10,14,<10,186,<10
2014,North Carolina,208, ,180,20,<10,<10,<10,<10,<10,200,<10
2014,North Dakota,17, ,16,<10,<10,<10,<10,<10,<10,17,<10
2014,Ohio,237, ,218,<10,<10,<10,<10,<10,<10,227,<10
2014,Oklahoma,130, ,117,<10,<10,<10,<10,<10,<10,120,<10
2014,Oregon,132, ,116,<10,<10,<10,<10,11,<10,118, 0-10
2014,Pennsylvania,286, ,266,10,<10,<10,<10,<10,<10,275,<10
2014,Rhode Island,14, ,14,<10,<10,<10,<10,<10,<10,14,<10
2014,South Carolina,118, ,100,13,<10,<10,<10,<10,<10,114,<10
2014,South Dakota,24, ,21,<10,<10,<10,<10,<10,<10,22,<10
2014,Tennessee,151, ,142,<10,<10,<10,<10,<10,<10,149,<10
2014,Texas,482, ,429,27,<10,<10,<10,14,39,432,11
2014,Utah,73, ,72,<10,<10,<10,<10,<10,<10,69,<10
2014,Vermont,20, ,18,<10,<10,<10,<10,<10,<10,19,<10
2014,Virginia,177, ,151,12,<10,<10,<10,<10,<10,169,<10
2014,Washington,185, ,162,<10,<10,<10,<10,<10,<10,174,<10
2014,West Virginia,64, ,61,<10,<10,<10,<10,<10,<10,61,<10
2014,Wisconsin,126, ,118,<10,<10,<10,<10,<10,<10,119,<10
2014,Wyoming,23, ,21,<10,<10,<10,<10,<10,<10,21,<10
2015,U.S. Total,"6,624", ,"5,950",323,43,95,26,187,235,"6,209",180
2015,Alabama,137, ,124,<10,<10,<10,<10,<10,<10,135,<10
2015,Alaska,27, ,22,<10,<10,<10,<10,<10,<10,27,<10
2015,Arizona,226, ,209,<10,<10,<10,<10,<10,<10,210,<10
2015,Arkansas,101, ,93,<10,<10,<10,<10,<10,<10,99,<10
2015,California,554, ,489,19,<10,13,<10,25,55,482,17
2015,Colorado,171, ,155,<10,<10,<10,<10,<10,12,156,<10
2015,Connecticut,44, ,43,<10,<10,<10,<10,<10,<10,42,<10
2015,Delaware,12, ,<10,<10,<10,<10,<10,<10,<10,12,<10
2015,District of Columbia,<10, ,<10,<10,<10,<10,<10,<10,<10,<10,<10
2015,Florida,599, ,539,27,<10,<10,<10,20,26,554,19
2015,Georgia,201, ,165,33,<10,<10,<10,<10,<10,196,<10
2015,Hawaii,27, ,14,<10,<10,<10,<10,<10,<10,24,<10
2015,Idaho,61, ,58,<10,<10,<10,<10,<10,<10,58,<10
2015,Illinois,164, ,146,11,<10,<10,<10,<10,<10,151,<10
2015,Indiana,113, ,109,<10,<10,<10,<10,<10,<10,110,<10
2015,Iowa,68, ,65,<10,<10,<10,<10,<10,<10,66,<10
2015,Kansas,73, ,63,<10,<10,<10,<10,<10,<10,68,<10
2015,Kentucky,133, ,126,<10,<10,<10,<10,<10,<10,131,<10
2015,Louisiana,100, ,90,<10,<10,<10,<10,<10,<10,99,<10
2015,Maine,54, ,50,<10,<10,<10,<10,<10,<10,52,<10
2015,Maryland,84, ,70,11,<10,<10,<10,<10,<10,81,<10
2015,Massachusetts,69, ,65,<10,<10,<10,<10,<10,<10,68,<10
2015,Michigan,194, ,175,<10,<10,<10,<10,<10,<10,183,<10
2015,Minnesota,81, ,73,<10,<10,<10,<10,<10,<10,75,<10
2015,Mississippi,66, ,59,<10,<10,<10,<10,<10,<10,64,<10
2015,Missouri,187, ,175,<10,<10,<10,<10,<10,<10,182,<10
2015,Montana,47, ,44,<10,<10,<10,<10,<10,<10,44,<10
2015,Nebraska,26, ,25,<10,<10,<10,<10,<10,<10,26,<10
2015,Nevada,102, ,90,<10,<10,<10,<10,<10,<10,96,<10
2015,New Hampshire,32, ,32,<10,<10,<10,<10,<10,<10,30,<10
2015,New Jersey,76, ,69,<10,<10,<10,<10,<10,<10,70,<10
2015,New Mexico,77, ,66,<10,<10,<10,<10,<10,10,65,<10
2015,New York,168, ,148,10,<10,<10,<10,<10,<10,155,<10
2015,North Carolina,227, ,202,14,<10,<10,<10,<10,<10,219,<10
2015,North Dakota,21, ,20,<10,<10,<10,<10,<10,<10,21,<10
2015,Ohio,241, ,221,12,<10,<10,<10,<10,<10,234,<10
2015,Oklahoma,135, ,122,<10,<10,<10,<10,<10,<10,130,<10
2015,Oregon,135, ,123,<10,<10,<10,<10,<10,<10,127,<10
2015,Pennsylvania,263, ,245,<10,<10,<10,<10,<10,<10,254,<10
2015,Rhode Island,16, ,14,<10,<10,<10,<10,<10,<10,14,<10
2015,South Carolina,126, ,106,13,<10,<10,<10,<10,<10,118,<10
2015,South Dakota,27, ,25,<10,<10,<10,<10,<10,<10,26,<10
2015,Tennessee,158, ,143,<10,<10,<10,<10,<10,<10,150,<10
2015,Texas,533, ,466,35,<10,10,<10,19,47,471,15
2015,Utah,64, ,61,<10,<10,<10,<10,<10,<10,61,<10
2015,Vermont,20, ,18,<10,<10,<10,<10,<10,<10,19,<10
2015,Virginia,185, ,160,20,<10,<10,<10,<10,<10,174,<10
2015,Washington,182, ,165,<10,<10,<10,<10,<10,<10,171,<10
2015,West Virginia,61, ,58,<10,<10,<10,<10,<10,<10,60,<10
2015,Wisconsin,121, ,119,<10,<10,<10,<10,<10,<10,116,<10
2015,Wyoming,26, ,22,<10,<10,<10,<10,<10,<10,24,<10
2016,U.S. Total,"6,496", ,"5,797",337,48,93,25,196,266,"6,055",175
2016,Alabama,134, ,116,11,<10,<10,<10,<10,<10,130,<10
2016,Alaska,17, ,14,<10,<10,<10,<10,<10,<10,16,<10
2016,Arizona,240, ,218,<10,<10,<10,<10,<10,11,219,10
2016,Arkansas,98, ,85,<10,<10,<10,<10,<10,<10,93,<10
2016,California,515, ,440,20,<10,15,<10,29,49,444,22
2016,Colorado,175, ,167,<10,<10,<10,<10,<10,<10,164,<10
2016,Connecticut,38, ,36,<10,<10,<10,<10,<10,<10,36,<10
2016,Delaware,25, ,23,<10,<10,<10,<10,<10,<10,24,<10
2016,District of Columbia,<10, ,<10,<10,<10,<10,<10,<10,<10,<10,<10
2016,Florida,563, ,533,18,<10,<10,<10,<10,21,536,<10
2016,Georgia,208, ,166,31,<10,<10,<10,<10,11,196,<10
2016,Hawaii,12, ,<10,<10,<10,<10,<10,<10,<10,11,<10
2016,Idaho,62, ,60,<10,<10,<10,<10,<10,<10,61,<10
2016,Illinois,170, ,155,<10,<10,<10,<10,<10,<10,161,<10
2016,Indiana,75, ,69,<10,<10,<10,<10,<10,<10,70,<10
2016,Iowa,69, ,63,<10,<10,<10,<10,<10,<10,64,<10
2016,Kansas,60, ,56,<10,<10,<10,<10,<10,<10,55,<10
2016,Kentucky,114, ,110,<10,<10,<10,<10,<10,<10,112,<10
2016,Louisiana,82, ,70,<10,<10,<10,<10,<10,<10,80,<10
2016,Maine,32, ,29,<10,<10,<10,<10,<10,<10,31,<10
2016,Maryland,76, ,62,<10,<10,<10,<10,<10,<10,74,<10
2016,Massachusetts,74, ,63,<10,<10,<10,<10,<10,<10,68,<10
2016,Michigan,176, ,156,11,<10,<10,<10,<10,<10,165,<10
2016,Minnesota,102, ,96,<10,<10,<10,<10,<10,<10,99,<10
2016,Mississippi,56, ,45,<10,<10,<10,<10,<10,<10,53,<10
2016,Missouri,170, ,156,<10,<10,<10,<10,<10,<10,158,<10
2016,Montana,48, ,45,<10,<10,<10,<10,<10,<10,47,<10
2016,Nebraska,29, ,26,<10,<10,<10,<10,<10,<10,25,<10
2016,Nevada,113, ,103,<10,<10,<10,<10,<10,<10,106,<10
2016,New Hampshire,38, ,37,<10,<10,<10,<10,<10,<10,36,<10
2016,New Jersey,77, ,65,<10,<10,<10,<10,<10,<10,69,<10
2016,New Mexico,72, ,66,<10,<10,<10,<10,<10,15,57,<10
2016,New York,166, ,145,10,<10,<10,<10,<10,<10,152,<10
2016,North Carolina,186, ,163,18,<10,<10,<10,<10,<10,182,<10
2016,North Dakota,18, ,16,<10,<10,<10,<10,<10,<10,17,<10
2016,Ohio,258, ,233,15,<10,<10,<10,<10,<10,249,<10
2016,Oklahoma,114, ,105,<10,<10,<10,<10,<10,<10,110,<10
2016,Oregon,134, ,126,<10,<10,<10,<10,<10,<10,129,<10
2016,Pennsylvania,290, ,273,<10,<10,<10,<10,<10,10,273,<10
2016,Rhode Island,19, ,18,<10,<10,<10,<10,<10,<10,18,<10
2016,South Carolina,130, ,109,15,<10,<10,<10,<10,<10,122,<10
2016,South Dakota,21, ,18,<10,<10,<10,<10,<10,<10,19,<10
2016,Tennessee,180, ,157,10,<10,<10,<10,12,<10,166, 0-10
2016,Texas,553, ,476,34,<10,13,<10,19,54,489,10
2016,Utah,62, ,60,<10,<10,<10,<10,<10,<10,57,<10
2016,Vermont,28, ,28,<10,<10,<10,<10,<10,<10,28,<10
2016,Virginia,211, ,170,20,<10,<10,<10,15,<10,191, 0-10
2016,Washington,188, ,164,12,<10,<10,<10,<10,<10,180,<10
2016,West Virginia,53, ,49,<10,<10,<10,<10,<10,<10,51,<10
2016,Wisconsin,141, ,131,<10,<10,<10,<10,<10,<10,139,<10
2016,Wyoming,22, ,21,<10,<10,<10,<10,<10,<10,21,<10
2017,U.S. Total,"6,783", ,"6,063",344,50,102,34,190,272,"6,332",179
2017,Alabama,135, ,124,<10,<10,<10,<10,<10,<10,131,<10
2017,Alaska,28, ,25,<10,<10,<10,<10,<10,<10,27,<10
2017,Arizona,239, ,217,<10,<10,<10,<10,<10,16,218,<10
2017,Arkansas,109, ,102,<10,<10,<10,<10,<10,<10,105,<10
2017,California,539, ,447,33,<10,20,<10,27,51,467,21
2017,Colorado,169, ,160,<10,<10,<10,<10,<10,12,155,<10
2017,Connecticut,39, ,35,<10,<10,<10,<10,<10,<10,35,<10
2017,Delaware,17, ,16,<10,<10,<10,<10,<10,<10,15,<10
2017,District of Columbia,<10, ,<10,<10,<10,<10,<10,<10,<10,<10,<10
2017,Florida,560, ,518,18,<10,<10,<10,12,24,524,12
2017,Georgia,217, ,182,28,<10,<10,<10,<10,<10,206,<10
2017,Hawaii,25, ,17,<10,<10,<10,<10,<10,<10,25,<10
2017,Idaho,53, ,49,<10,<10,<10,<10,<10,<10,52,<10
2017,Illinois,187, ,159,15,<10,<10,<10,<10,<10,175,<10
2017,Indiana,134, ,124,<10,<10,<10,<10,<10,<10,124,<10
2017,Iowa,68, ,67,<10,<10,<10,<10,<10,<10,68,<10
2017,Kansas,77, ,70,<10,<10,<10,<10,<10,<10,72,<10
2017,Kentucky,119, ,113,<10,<10,<10,<10,<10,<10,118,<10
2017,Louisiana,107, ,95,<10,<10,<10,<10,<10,<10,103,<10
2017,Maine,52, ,50,<10,<10,<10,<10,<10,<10,50,<10
2017,Maryland,89, ,75,12,<10,<10,<10,<10,<10,86,<10
2017,Massachusetts,67, ,61,<10,<10,<10,<10,<10,<10,62,<10
2017,Michigan,197, ,188,<10,<10,<10,<10,<10,<10,193,<10
2017,Minnesota,104, ,97,<10,<10,<10,<10,<10,<10,100,<10
2017,Mississippi,70, ,57,<10,<10,<10,<10,<10,<10,64,<10
2017,Missouri,172, ,155,11,<10,<10,<10,<10,<10,169,<10
2017,Montana,58, ,57,<10,<10,<10,<10,<10,<10,56,<10
2017,Nebraska,40, ,34,<10,<10,<10,<10,<10,<10,38,<10
2017,Nevada,125, ,108,<10,<10,<10,<10,<10,<10,118,<10
2017,New Hampshire,37, ,36,<10,<10,<10,<10,<10,<10,37,<10
2017,New Jersey,82, ,71,<10,<10,<10,<10,<10,<10,74,<10
2017,New Mexico,78, ,72,<10,<10,<10,<10,<10,<10,67,<10
2017,New York,157, ,133,11,<10,<10,<10,<10,<10,142,<10
2017,North Carolina,232, ,202,20,<10,<10,<10,<10,<10,222,<10
2017,North Dakota,22, ,19,<10,<10,<10,<10,<10,<10,21,<10
2017,Ohio,263, ,233,18,<10,<10,<10,10,<10,249,<10
2017,Oklahoma,100, ,86,<10,<10,<10,<10,<10,<10,95,<10
2017,Oregon,158, ,154,<10,<10,<10,<10,<10,<10,152,<10
2017,Pennsylvania,294, ,268,10,<10,<10,<10,<10,<10,281,<10
2017,Rhode Island,12, ,11,<10,<10,<10,<10,<10,<10,12,<10
2017,South Carolina,124, ,102,17,<10,<10,<10,<10,<10,119,<10
2017,South Dakota,22, ,21,<10,<10,<10,<10,<10,<10,22,<10
2017,Tennessee,177, ,156,14,<10,<10,<10,<10,<10,171,<10
2017,Texas,543, ,473,28,<10,<10,<10,27,58,463,22
2017,Utah,66, ,63,<10,<10,<10,<10,<10,<10,61,<10
2017,Vermont,10, ,10,<10,<10,<10,<10,<10,<10,<10,<10
2017,Virginia,175, ,157,10,<10,<10,<10,<10,<10,168,<10
2017,Washington,199, ,176,<10,<10,<10,<10,10,<10,185,<10
2017,West Virginia,64, ,61,<10,<10,<10,<10,<10,<10,63,<10
2017,Wisconsin,140, ,128,<10,<10,<10,<10,<10,<10,134,<10
2017,Wyoming,28, ,27,<10,<10,<10,<10,<10,<10,25,<10
2018,U.S. Total,"6,796", ,"6,052",367,53,91,32,201,270,"6,346",180
2018,Alabama,145, ,131,12,<10,<10,<10,<10,<10,140,<10
2018,Alaska,19, ,16,<10,<10,<10,<10,<10,<10,18,<10
2018,Arizona,237, ,203,10,<10,<10,<10,<10,<10,220,<10
2018,Arkansas,81, ,75,<10,<10,<10,<10,<10,<10,79,<10
2018,California,561, ,484,21,<10,22,<10,24,65,478,18
2018,Colorado,186, ,168,<10,<10,<10,<10,<10,14,169,<10
2018,Connecticut,48, ,45,<10,<10,<10,<10,<10,<10,44,<10
2018,Delaware,17, ,14,<10,<10,<10,<10,<10,<10,15,<10
2018,District of Columbia,<10, ,<10,<10,<10,<10,<10,<10,<10,<10,<10
2018,Florida,607, ,549,25,<10,<10,<10,21,26,563,18
2018,Georgia,218, ,186,25,<10,<10,<10,<10,<10,208,<10
2018,Hawaii,19, ,12,<10,<10,<10,<10,<10,<10,19,<10
2018,Idaho,56, ,53,<10,<10,<10,<10,<10,<10,53,<10
2018,Illinois,165, ,150,<10,<10,<10,<10,<10,<10,154,<10
2018,Indiana,147, ,133,<10,<10,<10,<10,<10,<10,140,<10
2018,Iowa,63, ,60,<10,<10,<10,<10,<10,<10,60,<10
2018,Kansas,83, ,74,<10,<10,<10,<10,<10,<10,76,<10
2018,Kentucky,122, ,113,<10,<10,<10,<10,<10,<10,117,<10
2018,Louisiana,100, ,86,<10,<10,<10,<10,<10,<10,97,<10
2018,Maine,48, ,44,<10,<10,<10,<10,<10,<10,47,<10
2018,Maryland,95, ,75,16,<10,<10,<10,<10,<10,90,<10
2018,Massachusetts,71, ,69,<10,<10,<10,<10,<10,<10,68,<10
2018,Michigan,217, ,193,12,<10,<10,<10,<10,<10,210,<10
2018,Minnesota,100, ,94,<10,<10,<10,<10,<10,<10,98,<10
2018,Mississippi,66, ,59,<10,<10,<10,<10,<10,<10,64,<10
2018,Missouri,204, ,189,<10,<10,<10,<10,<10,<10,200,<10
2018,Montana,57, ,55,<10,<10,<10,<10,<10,<10,56,<10
2018,Nebraska,44, ,39,<10,<10,<10,<10,<10,<10,39,<10
2018,Nevada,97, ,86,<10,<10,<10,<10,<10,<10,91,<10
2018,New Hampshire,40, ,40,<10,<10,<10,<10,<10,<10,39,<10
2018,New Jersey,66, ,53,<10,<10,<10,<10,<10,<10,55,<10
2018,New Mexico,75, ,67,<10,<10,<10,<10,<10,10,63,<10
2018,New York,184, ,160,10,<10,<10,<10,<10,13,166,<10
2018,North Carolina,215, ,190,18,<10,<10,<10,<10,<10,206,<10
2018,North Dakota,19, ,16,<10,<10,<10,<10,<10,<10,16,<10
2018,Ohio,234, ,212,14,<10,<10,<10,<10,<10,225,<10
2018,Oklahoma,129, ,111,<10,<10,<10,<10,<10,<10,124,<10
2018,Oregon,152, ,145,<10,<10,<10,<10,<10,<10,147,<10
2018,Pennsylvania,278, ,254,10,<10,<10,<10,10,<10,260, 0-10
2018,Rhode Island,15, ,14,<10,<10,<10,<10,<10,<10,14,<10
2018,South Carolina,119, ,98,15,<10,<10,<10,<10,<10,114,<10
2018,South Dakota,27, ,25,<10,<10,<10,<10,<10,<10,27,<10
2018,Tennessee,189, ,166,13,<10,<10,<10,<10,<10,176,<10
2018,Texas,538, ,464,39,<10,<10,<10,17,42,480,16
2018,Utah,54, ,52,<10,<10,<10,<10,<10,<10,52,<10
2018,Vermont,14, ,13,<10,<10,<10,<10,<10,<10,14,<10
2018,Virginia,183, ,148,26,<10,<10,<10,<10,<10,175,<10
2018,Washington,187, ,172,<10,<10,<10,<10,<10,<10,178,<10
2018,West Virginia,65, ,63,<10,<10,<10,<10,<10,<10,64,<10
2018,Wisconsin,118, ,113,<10,<10,<10,<10,<10,<10,117,<10
2018,Wyoming,18, ,18,<10,<10,<10,<10,<10,<10,17,<10
2019,U.S. Total,"6,489", ,"5,678",377,51,130,26,227,273,"6,014",202
2019,Alabama,112, ,87,10,<10,<10,<10,<10,<10,104,<10
2019,Alaska,25, ,20,<10,<10,<10,<10,<10,<10,24,<10
2019,Arizona,238, ,217,<10,<10,<10,<10,<10,14,217,<10
2019,Arkansas,87, ,77,<10,<10,<10,<10,<10,<10,82,<10
2019,California,489, ,409,30,<10,20,<10,22,49,425,15
2019,Colorado,174, ,157,<10,<10,<10,<10,<10,11,160,<10
2019,Connecticut,47, ,40,<10,<10,<10,<10,<10,<10,44,<10
2019,Delaware,11, ,10,<10,<10,<10,<10,<10,<10,10,<10
2019,District of Columbia,<10, ,<10,<10,<10,<10,<10,<10,<10,<10,<10
2019,Florida,573, ,518,28,<10,<10,<10,17,28,531,14
2019,Georgia,209, ,166,35,<10,<10,<10,<10,<10,203,<10
2019,Hawaii,21, ,11,<10,<10,<10,<10,<10,<10,19,<10
2019,Idaho,53, ,50,<10,<10,<10,<10,<10,<10,50,<10
2019,Illinois,176, ,162,<10,<10,<10,<10,<10,<10,162,<10
2019,Indiana,127, ,116,<10,<10,<10,<10,<10,<10,121,<10
2019,Iowa,74, ,71,<10,<10,<10,<10,<10,<10,69,<10
2019,Kansas,73, ,65,<10,<10,<10,<10,<10,<10,66,<10
2019,Kentucky,100, ,95,<10,<10,<10,<10,<10,<10,96,<10
2019,Louisiana,91, ,70,13,<10,<10,<10,<10,<10,85,<10
2019,Maine,36, ,33,<10,<10,<10,<10,<10,<10,33,<10
2019,Maryland,69, ,56,<10,<10,<10,<10,<10,<10,63,<10
2019,Massachusetts,71, ,64,<10,<10,<10,<10,<10,<10,67,<10
2019,Michigan,187, ,161,11,<10,<10,<10,<10,<10,174,<10
2019,Minnesota,93, ,83,<10,<10,<10,<10,<10,<10,83,<10
2019,Mississippi,65, ,54,<10,<10,<10,<10,<10,<10,63,<10
2019,Missouri,194, ,184,<10,<10,<10,<10,<10,<10,186,<10
2019,Montana,54, ,50,<10,<10,<10,<10,<10,<10,49,<10
2019,Nebraska,50, ,46,<10,<10,<10,<10,<10,<10,48,<10
2019,Nevada,115, ,100,<10,<10,<10,<10,<10,<10,108,<10
2019,New Hampshire,39, ,33,<10,<10,<10,<10,<10,<10,36,<10
2019,New Jersey,64, ,56,<10,<10,<10,<10,<10,<10,59,<10
2019,New Mexico,73, ,65,<10,<10,<10,<10,<10,13,58,<10
2019,New York,160, ,141,10,<10,<10,<10,<10,<10,149,<10
2019,North Carolina,185, ,156,22,<10,<10,<10,<10,<10,179,<10
2019,North Dakota,15, ,14,<10,<10,<10,<10,<10,<10,15,<10
2019,Ohio,266, ,231,21,<10,<10,<10,11,<10,252, 0-10
2019,Oklahoma,114, ,97,<10,<10,<10,<10,<10,<10,107,<10
2019,Oregon,145, ,133,<10,<10,<10,<10,<10,<10,140,<10
2019,Pennsylvania,283, ,245,18,<10,<10,<10,14,<10,267, 0-10
2019,Rhode Island,<10, ,<10,<10,<10,<10,<10,<10,<10,<10,<10
2019,South Carolina,131, ,113,11,<10,<10,<10,<10,<10,126,<10
2019,South Dakota,24, ,22,<10,<10,<10,<10,<10,<10,23,<10
2019,Tennessee,189, ,163,16,<10,<10,<10,<10,<10,181,<10
2019,Texas,523, ,459,33,<10,<10,<10,17,56,455,12
2019,Utah,57, ,49,<10,<10,<10,<10,<10,<10,54,<10
2019,Vermont,18, ,18,<10,<10,<10,<10,<10,<10,18,<10
2019,Virginia,192, ,153,27,<10,<10,<10,<10,<10,183,<10
2019,Washington,200, ,170,<10,<10,10,<10,10,<10,182,<10
2019,West Virginia,50, ,47,<10,<10,<10,<10,<10,<10,48,<10
2019,Wisconsin,99, ,96,<10,<10,<10,<10,<10,<10,95,<10
2019,Wyoming,35, ,33,<10,<10,<10,<10,<10,<10,33,<10
2020,U.S. Total,"6,146", ,"5,373",349,48,119,37,220,284,"5,643",219
2020,Alabama,126, ,105,12,<10,<10,<10,<10,<10,118,<10
2020,Alaska,32, ,28,<10,<10,<10,<10,<10,<10,32,<10
2020,Arizona,200, ,181,<10,<10,<10,<10,<10,15,180,<10
2020,Arkansas,89, ,81,<10,<10,<10,<10,<10,<10,84,<10
2020,California,439, ,373,22,<10,22,<10,19,52,366,21
2020,Colorado,154, ,134,<10,<10,<10,<10,<10,13,132,<10
2020,Connecticut,40, ,36,<10,<10,<10,<10,<10,<10,37,<10
2020,Delaware,22, ,20,<10,<10,<10,<10,<10,<10,22,<10
2020,District of Columbia,<10, ,<10,<10,<10,<10,<10,<10,<10,<10,<10
2020,Florida,493, ,437,21,<10,<10,<10,20,19,456,18
2020,Georgia,183, ,146,25,<10,<10,<10,<10,<10,169,<10
2020,Hawaii,24, ,13,<10,<10,<10,<10,<10,<10,21,<10
2020,Idaho,57, ,50,<10,<10,<10,<10,<10,<10,52,<10
2020,Illinois,151, ,132,10,<10,<10,<10,<10,<10,144,<10
2020,Indiana,150, ,132,<10,<10,<10,<10,<10,<10,143,<10
2020,Iowa,69, ,63,<10,<10,<10,<10,<10,<10,66,<10
2020,Kansas,58, ,52,<10,<10,<10,<10,<10,<10,55,<10
2020,Kentucky,119, ,105,<10,<10,<10,<10,<10,<10,113,<10
2020,Louisiana,86, ,71,11,<10,<10,<10,<10,<10,80,<10
2020,Maine,38, ,35,<10,<10,<10,<10,<10,<10,37,<10
2020,Maryland,79, ,66,10,<10,<10,<10,<10,<10,74,<10
2020,Massachusetts,58, ,55,<10,<10,<10,<10,<10,<10,50,<10
2020,Michigan,178, ,156,12,<10,<10,<10,<10,<10,167,<10
2020,Minnesota,88, ,78,<10,<10,<10,<10,<10,<10,83,<10
2020,Mississippi,57, ,45,<10,<10,<10,<10,<10,<10,53,<10
2020,Missouri,166, ,154,<10,<10,<10,<10,<10,<10,162,<10
2020,Montana,53, ,44,<10,<10,<10,<10,<10,<10,49,<10
2020,Nebraska,50, ,48,<10,<10,<10,<10,<10,<10,46,<10
2020,Nevada,106, ,85,<10,<10,<10,<10,<10,<10,96,<10
2020,New Hampshire,36, ,36,<10,<10,<10,<10,<10,<10,35,<10
2020,New Jersey,58, ,51,<10,<10,<10,<10,<10,<10,54,<10
2020,New Mexico,60, ,54,<10,<10,<10,<10,<10,13,45,<10
2020,New York,143, ,122,<10,<10,<10,<10,<10,<10,127,<10
2020,North Carolina,199, ,170,18,<10,<10,<10,<10,<10,188,<10
2020,North Dakota,23, ,21,<10,<10,<10,<10,<10,<10,21,<10
2020,Ohio,230, ,205,18,<10,<10,<10,<10,<10,223,<10
2020,Oklahoma,110, ,98,<10,<10,<10,<10,<10,<10,105,<10
2020,Oregon,128, ,121,<10,<10,<10,<10,<10,<10,122,<10
2020,Pennsylvania,240, ,210,11,<10,<10,<10,13,<10,220, 0-10
2020,Rhode Island,14, ,13,<10,<10,<10,<10,<10,<10,13,<10
2020,South Carolina,118, ,101,14,<10,<10,<10,<10,<10,112,<10
2020,South Dakota,26, ,21,<10,<10,<10,<10,<10,<10,26,<10
2020,Tennessee,182, ,164,10,<10,<10,<10,<10,<10,173,<10
2020,Texas,526, ,448,39,<10,12,<10,20,59,449,18
2020,Utah,66, ,60,<10,<10,<10,<10,<10,<10,57,<10
2020,Vermont,12, ,11,<10,<10,<10,<10,<10,<10,10,<10
2020,Virginia,181, ,152,17,<10,<10,<10,<10,<10,172,<10
2020,Washington,181, ,159,<10,<10,<10,<10,<10,<10,165,<10
2020,West Virginia,66, ,63,<10,<10,<10,<10,<10,<10,63,<10
2020,Wisconsin,138, ,130,<10,<10,<10,<10,<10,<10,135,<10
2020,Wyoming,37, ,35,<10,<10,<10,<10,<10,<10,35,<10
